Title,Length,Year,Rated,Released,Genre,RottenTomatoesRating,MetacriticRating,imdbRating,imdbVotes,imdbID,BoxOffice,Awards,Director,Writer,Actors,Plot,Language,Country,Type:
Avengers: Endgame,181 min,2019,PG-13,26 Apr 2019,"Action, Adventure, Drama",94%,78/100,8.4,"1,304,298",tt4154796,"$858,373,000",Nominated for 1 Oscar. 70 wins & 133 nominations total,"Anthony Russo, Joe Russo","Christopher Markus, Stephen McFeely, Stan Lee","Robert Downey Jr., Chris Evans, Mark Ruffalo","After the devastating events of Avengers: Infinity War (2018), the universe is in ruins. With the help of remaining allies, the Avengers assemble once more in order to reverse Thanos' actions and restore balance to the universe.","English, Japanese, Xhosa, German",United States,movie
Avengers: Infinity War,149 min,2018,PG-13,27 Apr 2018,"Action, Adventure, Sci-Fi",85%,68/100,8.4,"1,239,574",tt4154756,"$678,815,482",Nominated for 1 Oscar. 48 wins & 81 nominations total,"Anthony Russo, Joe Russo","Christopher Markus, Stephen McFeely, Stan Lee","Robert Downey Jr., Chris Hemsworth, Mark Ruffalo",The Avengers and their allies must be willing to sacrifice all in an attempt to defeat the powerful Thanos before his blitz of devastation and ruin puts an end to the universe.,English,"United States, Norway",movie
The Avengers,143 min,2012,PG-13,04 May 2012,"Action, Sci-Fi",91%,69/100,8.0,"1,481,025",tt0848228,"$623,357,910",Nominated for 1 Oscar. 39 wins & 81 nominations total,Joss Whedon,"Joss Whedon, Zak Penn","Robert Downey Jr., Chris Evans, Scarlett Johansson",Earth's mightiest heroes must come together and learn to fight as a team if they are going to stop the mischievous Loki and his alien army from enslaving humanity.,"English, Russian",United States,movie
Avengers: Age of Ultron,141 min,2015,PG-13,01 May 2015,"Action, Adventure, Sci-Fi",76%,66/100,7.3,"939,559",tt2395427,"$459,005,868",8 wins & 52 nominations,Joss Whedon,"Joss Whedon, Stan Lee, Jack Kirby","Robert Downey Jr., Chris Evans, Mark Ruffalo","When Tony Stark and Bruce Banner try to jump-start a dormant peacekeeping program called Ultron, things go horribly wrong and it's up to Earth's mightiest heroes to stop the villainous Ultron from enacting his terrible plan.","English, Korean",United States,movie
Iron Man,126 min,2008,PG-13,02 May 2008,"Action, Adventure, Sci-Fi",94%,79/100,7.9,"1,146,077",tt0371746,"$319,034,126",Nominated for 2 Oscars. 24 wins & 73 nominations total,Jon Favreau,"Mark Fergus, Hawk Ostby, Art Marcum","Robert Downey Jr., Gwyneth Paltrow, Terrence Howard","After being held captive in an Afghan cave, billionaire engineer Tony Stark creates a unique weaponized suit of armor to fight evil.","English, Persian, Urdu, Arabic, Kurdish, Hindi, Hungarian","United States, Canada",movie
Thor: Ragnarok,130 min,2017,PG-13,03 Nov 2017,"Action, Adventure, Comedy",93%,74/100,7.9,"831,488",tt3501632,"$315,058,289",6 wins & 50 nominations,Taika Waititi,"Eric Pearson, Craig Kyle, Christopher L. Yost","Chris Hemsworth, Tom Hiddleston, Cate Blanchett","Imprisoned on the planet Sakaar, Thor must race against time to return to Asgard and stop Ragnar√∂k, the destruction of his world, at the hands of the powerful and ruthless villain Hela.",English,United States,movie
Captain America: Civil War,147 min,2016,PG-13,06 May 2016,"Action, Sci-Fi",90%,75/100,7.8,"865,937",tt3498820,"$408,084,349",16 wins & 73 nominations,"Anthony Russo, Joe Russo","Christopher Markus, Stephen McFeely, Joe Simon","Chris Evans, Robert Downey Jr., Scarlett Johansson",Political involvement in the Avengers' affairs causes a rift between Captain America and Iron Man.,"English, German, Xhosa, Russian, Romanian","United States, Germany",movie
Guardians of the Galaxy Vol. 3,150 min,2023,PG-13,05 May 2023,"Action, Adventure, Comedy",82%,64/100,7.9,"402,022",tt6791350,"$358,995,815",Nominated for 1 Oscar. 11 wins & 87 nominations total,James Gunn,"James Gunn, Jim Starlin, Stan Lee","Chris Pratt, Chukwudi Iwuji, Bradley Cooper","Still reeling from the loss of Gamora, Peter Quill rallies his team to defend the universe and one of their own - a mission that could mean the end of the Guardians if not successful.",English,"United States, New Zealand, France, Canada",movie
Spider-Man: No Way Home,148 min,2021,PG-13,17 Dec 2021,"Action, Adventure, Fantasy",93%,71/100,8.2,"906,922",tt10872600,"$814,866,759",Nominated for 1 Oscar. 35 wins & 71 nominations total,Jon Watts,"Chris McKenna, Erik Sommers, Stan Lee","Tom Holland, Zendaya, Benedict Cumberbatch","With Spider-Man's identity now revealed, Peter asks Doctor Strange for help. When a spell goes wrong, dangerous foes from other worlds start to appear.",English,United States,movie
Spider-Man: Far from Home,129 min,2019,PG-13,02 Jul 2019,"Action, Adventure, Comedy",91%,69/100,7.4,"575,059",tt6320628,"$391,283,774",11 wins & 26 nominations,Jon Watts,"Chris McKenna, Erik Sommers, Stan Lee","Tom Holland, Samuel L. Jackson, Jake Gyllenhaal","Peter Parker, the beloved superhero Spider-Man, faces four destructive elemental monsters while on holiday in Europe. Soon, he receives help from Mysterio, a fellow hero with mysterious origins.","English, Italian, Czech","United States, Czech Republic, Australia, Canada, Italy",movie
Spider-Man: No Way Home,148 min,2021,PG-13,17 Dec 2021,"Action, Adventure, Fantasy",93%,71/100,8.2,"906,922",tt10872600,"$814,866,759",Nominated for 1 Oscar. 35 wins & 71 nominations total,Jon Watts,"Chris McKenna, Erik Sommers, Stan Lee","Tom Holland, Zendaya, Benedict Cumberbatch","With Spider-Man's identity now revealed, Peter asks Doctor Strange for help. When a spell goes wrong, dangerous foes from other worlds start to appear.",English,United States,movie
The Amazing Spider-Man,136 min,2012,PG-13,03 Jul 2012,"Action, Adventure, Sci-Fi",71%,66/100,6.9,"715,163",tt0948470,"$262,782,352",2 wins & 33 nominations,Marc Webb,"James Vanderbilt, Alvin Sargent, Steve Kloves","Andrew Garfield, Emma Stone, Rhys Ifans","After Peter Parker is bitten by a genetically altered spider, he gains newfound, spider-like powers and ventures out to save the city from the machinations of a mysterious reptilian foe.",English,United States,movie
The Amazing Spider-Man 2,142 min,2014,PG-13,02 May 2014,"Action, Adventure, Sci-Fi",51%,53/100,6.6,"548,517",tt1872181,"$203,605,622",4 wins & 30 nominations,Marc Webb,"Alex Kurtzman, Roberto Orci, Jeff Pinkner","Andrew Garfield, Emma Stone, Jamie Foxx","When New York is put under siege by Oscorp, it is up to Spider-Man to save the city he swore to protect as well as his loved ones.",English,United States,movie
Spider-Man: Homecoming,133 min,2017,PG-13,07 Jul 2017,"Action, Adventure, Sci-Fi",92%,73/100,7.4,"735,722",tt2250912,"$334,952,829",8 wins & 10 nominations,Jon Watts,"Jonathan Goldstein, John Francis Daley, Jon Watts","Tom Holland, Michael Keaton, Robert Downey Jr.",Peter Parker tries to stop Adrian 'The Vulture' Toomes from selling weapons made with advanced Chitauri technology while trying to balance his life as an ordinary high school student.,"English, Spanish",United States,movie
The Shawshank Redemption,142 min,1994,R,14 Oct 1994,Drama,89%,82/100,9.3,"2,945,396",tt0111161,"$28,767,189",Nominated for 7 Oscars. 21 wins & 42 nominations total,Frank Darabont,"Stephen King, Frank Darabont","Tim Robbins, Morgan Freeman, Bob Gunton","A banker convicted of uxoricide forms a friendship over a quarter century with a hardened convict, while maintaining his innocence and trying to remain hopeful through simple compassion.",English,United States,movie
The Godfather,175 min,1972,R,24 Mar 1972,"Crime, Drama",97%,100/100,9.2,"2,057,473",tt0068646,"$136,381,073",Won 3 Oscars. 31 wins & 31 nominations total,Francis Ford Coppola,"Mario Puzo, Francis Ford Coppola","Marlon Brando, Al Pacino, James Caan",The aging patriarch of an organized crime dynasty transfers control of his clandestine empire to his reluctant son.,"English, Italian, Latin",United States,movie
The Dark Knight,152 min,2008,PG-13,18 Jul 2008,"Action, Crime, Drama",94%,84/100,9.0,"2,932,729",tt0468569,"$534,987,076",Won 2 Oscars. 164 wins & 164 nominations total,Christopher Nolan,"Jonathan Nolan, Christopher Nolan, David S. Goyer","Christian Bale, Heath Ledger, Aaron Eckhart","When a menace known as the Joker wreaks havoc and chaos on the people of Gotham, Batman, James Gordon and Harvey Dent must work together to put an end to the madness.","English, Mandarin","United States, United Kingdom",movie
Pulp Fiction,154 min,1994,R,14 Oct 1994,"Crime, Drama",92%,95/100,8.9,"2,266,472",tt0110912,"$107,928,762",Won 1 Oscar. 69 wins & 72 nominations total,Quentin Tarantino,"Quentin Tarantino, Roger Avary","John Travolta, Uma Thurman, Samuel L. Jackson","The lives of two mob hitmen, a boxer, a gangster and his wife, and a pair of diner bandits intertwine in four tales of violence and redemption.","English, Spanish, French",United States,movie
Schindler's List,195 min,1993,R,04 Feb 1994,"Biography, Drama, History",98%,95/100,9.0,"1,480,596",tt0108052,"$96,898,818",Won 7 Oscars. 91 wins & 49 nominations total,Steven Spielberg,"Thomas Keneally, Steven Zaillian","Liam Neeson, Ralph Fiennes, Ben Kingsley","In German-occupied Poland during World War II, industrialist Oskar Schindler gradually becomes concerned for his Jewish workforce after witnessing their persecution by the Nazis.","English, Hebrew, German, Polish, Latin",United States,movie
The Lord of the Rings: The Return of the King,201 min,2003,PG-13,17 Dec 2003,"Action, Adventure, Drama",94%,94/100,9.0,"2,015,572",tt0167260,"$381,878,219",Won 11 Oscars. 215 wins & 124 nominations total,Peter Jackson,"J.R.R. Tolkien, Fran Walsh, Philippa Boyens","Elijah Wood, Viggo Mortensen, Ian McKellen",Gandalf and Aragorn lead the World of Men against Sauron's army to draw his gaze from Frodo and Sam as they approach Mount Doom with the One Ring.,"English, Quenya, Old English, Sindarin","New Zealand, United States",movie
